Informant-ID,Fødselsår,Kjønn (M/K),Yrke,Høyeste grad/utdanning,Alder flyttet til sted,Alder flyttet fra sted,Evt. kommentarer til flytting,Kommune,"Antall foreldre som snakker samme dialekt (0, 1 eller 2)",Din beskrivelse av dialekten på stedet du kommer fra,Er du representativ dialektbruker?,Høyde (cm),Vekt (kg) (frivillig),Etnisitet,Opptakssted,Tekniske kommentarer til opptaket,Språklige kommentarer til opptaket,Kommentarer til opptak og lesing/uttale,Dialekt
p1_g01_f1_1,1992,K,Student,VGS,0,"17, 19-20",Siste 2 år på vgs i Alta,Hasvik,2,"Kyst-dialekt, palatalisering. Vokalskifte i til e f-eks. meddag og fesk og y til ø.",Ja.,177,70,Europeisk,NTNU,,,,Troms-Finnmarks-mål
p1_g01_f1_2,1991,K,Student,Almenn videregående,1,18,,Vadsø,0,"Det er en penere dialekt (vi snakker ""penere"" enn andre i Øst - Finnmark.",Ja,179,65,Europeisk,NTNU,,"38: Setning med parentes, innleser sa ""restaurant som er åpen om kvelden"". 48: Parentes, innleser sa ""Helen Bjørnøy fra SV"". 49: (ANB) lest på slutten av setningen.",,Troms-Finnmarks-mål
p1_g01_f1_3,1990,K,Student,Videregående,0,16,Skolegang - Tromsø,Kåfjord,1,Ikke bruk av hunnkjønn,Ja,169,,Europeisk,NTNU,,"59: innleseren leste ""stjørdal"" med stj-lyd i stedet for sj-lyd.",,Troms-Finnmarks-mål
p1_g01_f1_4,1987,K,Student,Bachelor,5,18,Bodde først i Tana,Vadsø,0,"Ligner veldig på bokmål med ""Finmarks"" - uttale og tonefall",Ja,176,65,"Europeisk, Norsk",NTNU,,,,Troms-Finnmarks-mål
p1_g01_f1_5,1986,K,Studieveileder,Cand.philol,,,,Lyngen,1,"Utpreget Nord-Tromsdialekt, Nordnorsk med sterke samiske og finske innslag.","Ja, men avvik på tonefall.",168,,Norsk,NTNU,,"109: Det står ""myndigheten"" i stedet for ""myndighetene"", ble lest opp slik det står i manuset.",,Troms-Finnmarks-mål
p1_g01_f2_1,1969,K,Ufør,Bachelor,3,6,Nektet å bytte til Nord-Troms dialekt,,0,Normert Finmarksdialekt med lite samisk tonefall etc.,Antakelig,160,125,Europeisk,NTNU,,,Noe mekanisk støy på alle opptakene - oppdaget i ettertid.,Troms-Finnmarks-mål
p1_g01_f2_2,1958,K,Rådgiver,Cand.mag,0,25,Jobb,Nordreisa,2,"Bruk av e, i ord, istedet for æ. Fjæra - fjera, bær - ber",Ja/ tja,169,,Norsk - Euro,NTNU,,,,Troms-Finnmarks-mål
p1_g01_f2_3,1956,K,Rådgiver,Cand.Mag,0,ca 17,Bodd 5 år på Sunnmøre. (i alder 19-25år),Porsanger,2,Indre Finnmark,Ja,157,60,Norsk,UiT,,,,Troms-Finnmarks-mål
p1_g01_f2_4,1952,K,Førsteamanuensis,Doktorgrad,0,19,Utdanning,Alta,1,Nybyggerfelt på sentrum midt mellom Bossekopp og Elvebakken. På Elvebakken er det inslag av fisk i dialektene siden det har vært innvandring fra Finland på slutten av 1800-tallet. Dette har ikke vi som bodde på sentrum.,ja,167,74,Europeisk,UiT,,,,Troms-Finnmarks-mål
p1_g01_f2_5,1947,K,Førstekonsulent,Universitetet,3,15,,Kåfjord,2,Har en del bokmålsord og tonefall. Påvirket av Tromsødialekten,Litt,157,61,Europeisk,UiT,,,,Troms-Finnmarks-mål
p1_g01_m1_1,1979,M,Stipendiat,Master,0,17,,Skjervøy,0,Kyst nord - norsk,"Ja, stort sett",181,83,Europeisk,NTNU,,,,Troms-Finnmarks-mål
p1_g01_m1_2,1986,M,Student,Bachelor,0,17,,Lebesby,2,,Ja,160,60,"Europeisk, Norsk",NTNU,,,,Troms-Finnmarks-mål
p1_g01_m1_3,1982,M,Student,Bachelor,0,25,(tre år ute av kommunen i ungdommen),Hammerfest,2,han/hun forran navn på personer,Ja,173,,Norsk,NTNU,,"instruert til å si: ""talrike"" og ""Widholzl""","263/s013448: ""ei sjølvstendig"" uttales med nasal nøling mellom ordene.",Troms-Finnmarks-mål
p1_g01_m1_4,1983,M,Student,VGS,3,20,,Karasjok,1,Typisk karasjokk-dialekt med påvirkning fra andre dialekter.,Ja,180,80,Samisk,UiT,,,,Troms-Finnmarks-mål
p1_g01_m1_5,1991,M,Student,-,7,13,,Nord-reisa,0,,Ja,191,98,Europeisk,UiT,,,,Troms-Finnmarks-mål
p1_g01_m2_1,1948,M,Avd.leder,Bachelor,0,15,,Kværangen,2,"Knoter etter beste evne, seg, meg og deg: han a-enderleser. Sier ikke og ikke ikkje, myk og ikke mykje",Nokså,180,80,Europeisk,UiT,,,,Troms-Finnmarks-mål
p1_g01_m2_2,1968,M,Programmerer,Cand.mag,0,18,,Tana,2,"Samisk ""sving"" på tonefall, litt rund r.",Ja,180,95,Europeisk,UiT,,,,Troms-Finnmarks-mål
p1_g01_m2_3,1949,M,Overingeniør IT,Hovedfag,0,18,Båtsfjord,Båtsfjord,1,Ikke så mye dialektord. Snakker ganske standardisert,Ja,170,74,Norsk,UiT,,,"386/s02322e: ""Maurud"" leses ""måru""",Troms-Finnmarks-mål
p1_g01_m2_4,1968,M,Senioringeniør,Sivilingeniør,3,12,12-18 år  i Alta,Kirkenes,2,"Kyst Finnmark, bredere dialekt","Litt avslepen, ellers prøver jeg å holde dilakten",180,81,Europeisk,UiT,,,,Troms-Finnmarks-mål
p1_g01_m2_5,1945,M,Arbeidsledig,Master,0,17,,Vadsø,0,Bokmålspreget,"Nei, men normalisert",180,86,Norsk,NTNU,,,,Troms-Finnmarks-mål
p1_g02_f1_1,1990,K,Student (nordisk),To årsstudium,1. 8 år. 2. 15år,1. 15 år. 2. 18 år,2. til Oslo for å gå på skole.,Larvik,0,"Breiare, mindre standarnær, palatalisering, difftonger",??? Senja/Sørreisa (midttroms),171,68,Europeisk,NTNU,,,"s0c5851: ""Euroboys"" uttalt /""A}4u%bOys/. s0a0157: ""Regis"" uttalt /""4edZis/",Østlandsk
p1_g02_f1_2,1975,K,Universitetslektor,Cand. Philol,0,18,,Tysfjord,2,Nordre Nordland med delvis apokope,Delvis,165,58,Europeisk,NTNU,,bl.a. 33: Usikker på om <seg> skulle leses /sæ/ eller /sei/. Vi ble enige om /sæi/.,,Nordlandsk
p1_g02_f1_3,1989,K,Student,Bachelor,11,2008 (19),,Tromsø,0,Standardisert tromsøværing,Ja,165,58,Europeisk,NTNU,"Måtte ta mange omtak pga vindstøy. Lyden varierte veldig, så på noen setninger ligger lyden mellom -10 og -15 dB.",,,Troms-Finnmarks-mål
p1_g02_f1_4,1978,K,"Koordiantor Censes??, NTNU",Master,0,19,,Sortland,1,"Har endret lirr på uttale etter jeg flyttet ut. Sier f.eks hjme (ikke heim), fisk (ikke fesk).","Nei, se ???",168,63,Norsk (Europeisk),NTNU,,,,Nordlandsk
p1_g02_f1_5,1985,K,Personalmedarbeider,Bachelor,2,18,,Narvik,2,"Noen ord lik svensk (Morsjan, farsjan, brosjan) Panna = Panja.",Ja,170,62,Norsk,NTNU,"106: endret stilling på mikrofon pga ""blåsing"".","104: instruert innleser til å si 9.758,4 som ni punkt sju fem åtte komma fire.",,Nordlandsk
p1_g02_f2_1,1965,K,Fonetiker,Cand.Philol,0,19,1985-1998 borte fra Tromsø.,Tromsø,1,Palatal lydproduksjon,Ja,163,60,Europeisk,UiT,,,"129/s0c09ec: vokalisk nøling mellom ordene ""imidlertid fast""",Troms-Finnmarks-mål
p1_g02_f2_2,1969,K,Stipendiat,Mastergrad,0,27,,Tromsø,1,"""Pen"" utgave av tromsødialekt. ""smale"" e - lyder",JA,165,70,Europeisk,NTNU,,,"nabib_nb08-s00eb48: ""og"" svært redusert i uttalen, men godkjennes under tvil.",Troms-Finnmarks-mål
p1_g02_f2_3,1968,K,Førsteamanuensis,Doktorgrad,0,16,,Torsken,2,Personlig pronomen eg/deg. Seier gjære ikke gjøre.,I ganske stor grad,156,,Norsk,UiT,,173: passivhuis ble lest passivhus,172/s0c09ec: Ustemt på slutten.,Troms-Finnmarks-mål
p1_g02_f2_4,1952,K,Konsulent,Cand.mag,0,20,,Tromsø,2,gammel type tromsødialekt. Jeg sier: hoinn (dagens unge: hund),Ja,168,66,Europeisk,NTNU,,,,Troms-Finnmarks-mål
p1_g02_f2_5,1943,K,Professor,dr.philos,0,18,Flyttet til Oslo for å studere,Harstad,2,Harstaddialekten er en nordnorsk bydialekt.,Er noe avslepen i dialekten etter mange år.,162,66,Norsk,UiT,varierende stemmevolum,"s06439a: ""ertersuppe"" ble lest som ""ertesuppe"". Unik setning som må forandres i manus.",,Troms-Finnmarks-mål
p1_g02_m1_1,1988,M,Student,Bachelor,0,17,,Tromsø,2,Tromsøværing,"delvis, utvannet",196,100,Euro,NTNU,,,,Troms-Finnmarks-mål
p1_g02_m1_2,1987,M,Selger,Bachelor,0,16,Vgs,Balsfjord,0,"Syngende, veldig annerldes enn området rundt.",Nei.,180,74,Europeisk,NTNU,,,"(1) s013448: ""høgskulen"" uttalt med approksimert ""g"" (2) 251/s017b0b: ""a"" i ""handa"" uttales i grenseland mellom ""a"" og ""å"". Annoteres /O/.",Troms-Finnmarks-mål
p1_g02_m1_3,1980,M,Ingeniør,Sivilingeniør,0,19,Pga. stuider,Bø i Vesterålen,2,"Bredere enn f.eks. Bodø/ Tromsø. Mer palatalisering, ""flatere"" rytme.",Ja.,185,90,"Europeisk, norsk",NTNU,,,"Noen stans og litt ""kreative"" lydendringer, men godkjent fordi ikke noe av det høres feil ut i kontekst.",Nordlandsk
p1_g02_m1_4,1991,M,Student,Videregående,3,19,,Narvik,0,"""Æ"" istedet for ""eg"" ""ikke"" istedet for ""ikkje""",Ja,181,80,Europeisk,NTNU,,,Overtydelig uttale av enkelte ord-endelser. Men OK.,Nordlandsk
p1_g02_m1_5,1985,M,Student,Videregående,0,19,,,0,"e-endinger i hankjønn, ikke i stedet for ikkje, litt tydligere diksjon","Relativt, I ale fall sosidekten innad i Tromsø",191,85,Europeisk,NTNU,,,,Troms-Finnmarks-mål
p1_g02_m2_1,1960,M,Førsteamensuensis,Ør.grad (Dr.scient),0,1980 (20 år),,Tromsø,1,"Mer standardisert i byen enn i om landet. Bruk av ""ikkje"" skulle om fra enn Finnmark, Nord - Troms, Nordland",Representativ som utflytter?,175,67,Vil ikke forholde meg til den type begreper.,NTNU,,,,Troms-Finnmarks-mål
p1_g02_m2_2,1969,M,Tekniker,VGS,0,29,,Tromsø,1,Fisk ikke fesk.,Ja,189,95,Norsk,UiT,,"leste sakte, beveget seg litt under opptak",variabel lesehastighet og en god del pauser/nøling/glottale lukker.,Troms-Finnmarks-mål
p1_g02_m2_3,1971,M,Personalrådgiver,Cand.Polit,0,18,,Tromsø,0,"Avslepent, ikke utpreget.",Nei,181,84,Europeisk,UiT,,,,Troms-Finnmarks-mål
p1_g02_m2_4,1972,M,Prosjektleder,"Mastergrad,",2,19,,Sortland,2,Litt avslepet i forhold til omlandet (Forfinet).,Representativ for de med litt høyere utdanning.,180,71,Norsk,UiT,,,"402/s0634b5: leser ""W."" på engelsk.",Nordlandsk
p1_g02_m2_5,1968,M,Avd.Direktør,Bachelor,1,23,Hamar (1991-1996). Nord-Norge fra 1996,Harstad,0,Avslepen Harstaddialekt,Midt på treet (Nei),184,83,Europeisk,UiT,,,,Troms-Finnmarks-mål
p1_g03_f1_1,1978,K,Kontorsjef,Cand.Mag,0,19,,Hadsel,2,"Nordnorsk, Vesterålsdialekt",Ja,170,70,Europeisk,NTNU,,,,Nordlandsk
p1_g03_f1_2,1989,K,Student,Bachelor,0,19,For å studere,Rana,2,"Litt ""finere"" enn øyene rundt Mo i Rana",Ja,161,60,Europeisk,NTNU,,,"s0268ef: Litt nøling mellom ordene ""American Airlines""",Helgelandsk
p1_g03_f1_3,1988,K,Student,Bachelor,1,,,,2,Erstatter e - endinger med æ ofte. Spesiell for bydialekt i Lofoten.,Ja,170,,Europeisk,NTNU,,"Hun nølte mye, tok flere setninger om igen",,Nordlandsk
p1_g03_f1_4,1990,K,Student Servitør/ bartender,Bachelor,0,19,,Bodø,2,"Bodøværing, noe Trondheim påvirket",Ja,159,55,Europeisk,NTNU,,,,Nordlandsk
p1_g03_f1_5,1992,K,Student,Videregående,0,19,,Rana,2,,Ja,169,,Europeisk,NTNU,,"104/ s02e175: instruert innleser til å si 9.758,4 som ni punkt sju fem åtte komma fire.",,Helgelandsk
p1_g03_f2_1,1952,K,Spes. Sykepleier,Høyskole,0,1973,Skole/ Universitet ut.,Vestvågøy,2,Lofoten,Ja!,163,63,Europeisk,NTNU,"Fikk ikke lyd inn i hodetelefonene, gjorde opptak ved at en opptaksleder var inne hos innleseren.","83: står lukke istedet for lykke. 85: innleser leste navnet Ramos, Ramo. ingen rettelser.",,Nordlandsk
p1_g03_f2_2,1973,K,Studieveileder,Lektor med opprykk,0,20,"- 17-18- utveksling i South Carolina, USA",Rana,1,Nord-norsk med innslag av svenske ord.,Ja.,167,82,Norsk,NTNU,,"Innleser begynte veldig ""bokmålsk"", men skled nærmere til ranværing etter å ha fått beskjed om å ikke lese på østnorsk.",,Helgelandsk
p1_g03_f2_3,1952,K,Ordboksredaktør,Dr.art,7,16,,Fauske,0,"Saltværingsmål med innslag av ""bymål""",Noe modifisert,170,65,Norsk,NTNU,,,,Nordlandsk
p1_g03_f2_4,1955,K,Overingeniør,Kjemiingeniør 3årig,0,18,,Rana,1,Tjukk L (eks.Fløte),Ja,168,60,Europeisk,NTNU,,,,Helgelandsk
p1_g03_f2_5,1960,K,Selvstendig næringsdrivende,Master,0,1980,Studier,Rana,1,"Typisk, jeg bruker ikke lenger typiske dialektuttrykk som f.eks. kørv, svang",Ja,173,75,Europeisk,NTNU,,,"214: uttaler ""rennet"" med t. 216: uttaler ""24"" med gammel tellemåte.",Helgelandsk
p1_g03_m1_1,1992,M,Student,Videregående,0,19,,Bodø,0,Nørdlæning dialekt,Ja,179,69,Asiatisk,NTNU,,"Innleser slet en del med nynorske setninger, ord som ""er"" ""med""  og endinger.","222 / s02718e: konsonantisk nøling mellom ordene ""også kalt"". Kan annoteres som fp. Generelt: innleser leser raskt og har innfall av løpsk tale.",Nordlandsk
p1_g03_m1_2,1989,M,Student,Videregående,0,19,,Bodø,0,Som i Bodø,JA,183,71,Europeisk,NTNU,,,,Nordlandsk
p1_g03_m1_3,1981,M,Student,Bachelor,0,19,,Bodø,2,Bodødialekt,Nja.. har forandret noen få ord.,178,,Europeisk,NTNU,,,,Nordlandsk
p1_g03_m1_4,1991,M,Student,Videregående,0,19,,Bodø,2,Typisk Bodø-dialekt,Ja,194,80,Europeisk,NTNU,,,,Nordlandsk
p1_g03_m1_5,1989,M,Student,Bachelorgrad i fysikk,0,19,,Fauske,1,"Bruker ""æ"" for ""jeg"", mye apokope (kutter siste vokal i ord), snakker ""grovere"" enn Bodø.",Ja,185,90,Europeisk,NTNU,,,,Nordlandsk
p1_g03_m2_1,1959,M,Direktør/ Leder,Ph.D,1959,1981,,,2,Nordnorsk bymål (Bodø),"Ikke helt, Litt normalisert etter hvert",185,76,Norsk,NTNU,,,"Støy på venstre kanal, frekvens ca. 800 Hz.",Nordlandsk
p1_g03_m2_2,1952,M,Ingeniør,Høgskole,0,20,,Bodø,2,Bodødilakten med innslag av Tromsø-dialekt,I stor grad,182,80,Norsk,UiT,,,,Nordlandsk
p1_g03_m2_3,1968,M,Stipendiat,MPhil/ siv.ing,1,21,,Bodø,0,"Bymål frå Bodø, men breiare enn ""sentrumsdialekten""","Er kanskje ikkje ein perfekt representant for Rønvika spesiellt, men for Salten og Nordland generelt.",182,72,Norsk,UiT,,,,Nordlandsk
p1_g03_m2_4,1961,M,IT-konsulent,Bachelor,1,20,Bodd i Tromsø i 30år.,Rana,2,Blitt påvirket av Tromsø.,Er nok noe utvannet.,192,90,Norsk,UiT,,,"403/s0dddd6: ""platebransjens"" uttalt med ""sj"" til slutt. Anser den som resultat av assimilasjon.",Helgelandsk
p1_g03_m2_5,1968,M,IT-konsulent,Cand.Mag,0,19,,Rana,1,,"Nei.Påvirket av dialekter fra Narvik, Mosjøen og Tromsø.",168,92,Europeisk,UiT,,,,Helgelandsk
p1_g04_f1_1,1987,K,"Stipendiat, molekylærmedisin",Master,0,16,,Leirfjord,2,Mosjøen (vefsn),"Ja, men noen endringer de siste årene",164,54,Norsk,NTNU,Hodemiken måtte justeres flere ganger under opptaket pga. vindstøy.,,"(1) R04F16_10004a_R04F16_1_s0ce38b: konsonantisk nøling foran ""Reidar"". (2) R04F16_10004c_R04F16_1_c_nabib_nn-s00e138: teknisk støy.",Helgelandsk
p1_g04_f1_2,1981,K,Phd - Stipendiat,Master i sosiologi,0,19,Til Trondheim,Agdenes,1,"Mor kommer fra vestlandet. Prater litt ""penere"".",Ja,171,64,Norsk,NTNU,,"36: står ""samuraiverd"", instruert til å si samuraisverd.",Noen tilfeller av dialekttilpassa uttale. Eks: spise > spis; beskriver > beskriv;,Trøndsk
p1_g04_f1_3,1985,K,Stipendiat,Master,0,17,,Sunndal,2,"Blanndinnsdialekt mellom normøring og trøndersk. Bruker ""e"" som ""jeg"".","Litt ""forfinet"" av stuidietiden, men ganske representativ.",177,84,Europeisk,NTNU,,Store deler av setning 65 var på engelsk.,,Trøndsk
p1_g04_f1_4,1987,K,Miljøarbeider,Bachelor,2 mnd,16,Flyttet tilbake til Trondheim da jeg var 16.,Rissa,1,"Æg, mer bokmålsstandarisert",Nei,173,,Norsk,NTNU,"89?: Det er mulig det er klipping i setningen som inneholder ordet ""makthierarki"". ","89: ""År"" var en skrivefeil, og ble byttet ut med ""året"". 93: Vi instruerte innleseren til å si ""verdt"" istedenfor ""verd"".",,Trøndsk
p1_g04_f1_5,1993,K,Student,VGS,0,19,,Vega,2,Overgang mellom Trønder & Nordlending,Ja,172,74,Europeisk,NTNU,,,,Helgelandsk
p1_g04_f2_1,1949,K,Førstebibliotekar,Cand.polit,0,1969,,Vefsn,0,"Nordnorsk dialekt, spes. for Vefsn- dialekten er o i ending på hunnkjønnsord","Ja, i en vissgrad",173,59,Europeisk,NTNU,,,R04F40_10010b_R04F40_1_s08e461: Lindsay leses /linseI/ (det er OK).,Helgelandsk
p1_g04_f2_2,1972,K,Senior Rådgiver,Hovedfag,0,19,Studier,Vevelstad,2,De snakker bredere enn det jeg gjør nå.,Nei,163,80,Euuropeisk,UiT,,,,Helgelandsk
p1_g04_f2_3,1962,K,Student,Bc kulturminne forvaltning,0 (18 fra Hitra --> Trondheim),18,Skolegang,Hitra,2,"Brei trønderdialekt ""synger"" litt når vi snakker.",Ja,160,60,Norsk,NTNU,,,,Trøndsk
p1_g04_f2_4,1958,K,Bibliotekar,Master,2,32,,Grane,0,"e- for jeg, o-endinger, æ-endinger, tjukk l.",Litt utvannet.,163,80,Norsk,UiT,,,,Helgelandsk
p1_g04_f2_5,1954,K,Universitetslektor,Hovedfag,0,19,Utdanning,Vefsn,2,Hokjnnsord og endinger.,Ja,167,61,Europeisk,UiT,,"s05d6b0: ""persone"" ble lest som ""personen"". Unik setning som må forandres i manus.",,Helgelandsk
p1_g04_m1_1,1987,M,Student,Bachelor,0,19,,Rissa,2,Bred Fosen - dialekt,"Ja, jeg må jo si det.",180,70,Norsk,NTNU,,,,Trøndsk
p1_g04_m1_2,1989,M,Student,Videregående,0,19,,Namsos,2,Trøndersk,Ja,180,72,Norsk,NTNU,,,"s042ebf: hørbart telefonsignal på opptaket. s0250a7: ""opplever"" leses ""opplevar""",Trøndsk
p1_g04_m1_3,1983,M,Telefonintervjuer,Mastergrad i statsvitenskap,0,19,Kongsberg/ Oslo (militæret) (flyttet til),Hemne,2,Bredere enn Trondheims-dialekt. Skiller seg ut fra annen trønderdialekt. Innslag av normørske ord (litt utvannet etter 10 år).,Ja.,192,110,Norsk,NTNU,,,"s006b17: kort stille pause i ordet ""korrektur_feil""",Trøndsk
p1_g04_m1_4,1990,M,Tlf.intervjuer/ Student,Årsstudium,0,20,,Kristiansund,2,Kristiansund/ Nordmøre,Ja,183,75,Europeisk,NTNU,,,"(1) 287/s03de13: nasal nøling mellom ordene ""med økte"". 290/s01ff03: ""klondyke"" leses bokstavnært. (2) 297/s057171: ""Svære"" leses med sj-lyd.",Trøndsk
p1_g04_m1_5,1987,M,Student,Grunnskole,0,15,Flyttet en del sør og nord,Brønnøy,1,Brønnøyværing,Ja-isk,177,120,Europeisk,NTNU,,,,Helgelandsk
p1_g04_m2_1,1956,M,Ordboksredaktør,Doktorgrad,0,26,,Sunndal,1,"Jamvektmål med apokope, men vokalforvrenging i gamle kortstavinger (dette er ulikt nordmørsmål ellers).",Ja,178,85,Europeisk,NTNU,,,,Trøndsk
p1_g04_m2_2,1970,M,Fonetiker,Hovedfag (Master),1,19,,Sunndal,2,Indre nordmørsdialekt,Ja,180,78,Europeisk,NTNU,,,,Trøndsk
p1_g04_m2_3,1951,M,Førsteamanuensis,Cand.phil,0,19,,Alstahaug,1,"Sandnessjøen, botid i Trondheim 40 år.",Ja,170,70,Norsk,NTNU,,,,Helgelandsk
p1_g04_m2_4,1969,M,Mediearkivar,Cand.mag,0,2,,Flatanger,2,Namdalsdialekt,Ja,179,79,Norsk,NTNU,,,s05d45c: dunkelyder på slutten av setninga.,Trøndsk
p1_g04_m2_5,1957,M,Forsker,NTH,0,18,,Alstahaug,0,Helgelandsdialekt,Ja,190,110,N.,NTNU,,,,Helgelandsk
p1_g05_f1_1,1990,K,Vikar,Videregående,0,19,,Skaun,1,Litt breiar en Trondheimsdialekt,Ja,150,50,Europeisk/ Asiatisk,NTNU,,,,Trøndsk
p1_g05_f1_2,1988,K,Student,Bachelor,0,19,,Stjørdal,2,Tett opp til Trondheimsdialekta men med flere nord trønderske innslag.,Ja,169,60,Europeisk,NTNU,,,,Trøndsk
p1_g05_f1_3,1976,K,Førstekonsulent NTNU,Cand. Philol,0,,,Trondheim,2,Trøndersk med innslag av Nordtrønder,Ja,168,60,Nordeuropeisk,NTNU,,,,Trøndsk
p1_g05_f1_4,1994,K,Student,VGS,,,,,1,"Snakker litt ""fin"" trøndersk og har en far fra Oslo",Tja,167,,Europeisk,NTNU,,,"s02388d: ""braksuksess"" lest med ""s"" til slutt. 90/s013a58: ""hold"" lest med d. s02c1cc: ""stålet"" lest med ""t"" til slutt.",Trøndsk
p1_g05_f1_5,1991,K,Student,Videregående,0,19,Har bodd 3 år i Bærum (9-12år),Steinkjer,2,"""Finere"" versjon av bred trønderdialekt. Samme tonefall osv., men en del ord er mer sentraliserte.",Ja,158,72,Europeisk,NTNU,,,,Trøndsk
p1_g05_f2_1,1958,K,Kontorsjef,Hovedfag (Cand. Polit),0,19,,Malvik,0,Likt talemåten i Trondheim,JA,176,56,Europeisk,NTNU,,,,Trøndsk
p1_g05_f2_2,1972,K,Konsulent,Videregående,0,40,,Trondheim,2,Trøndersk,Ja,167,,Europeisk,NTNU,,,"s04363b: ""e_n_ familietrust"" leses ""e_t_ familietrust""",Trøndsk
p1_g05_f2_3,1970,K,Konsulent,Cand.mag.,0,,,Trondheim,2,Trondheimsdialekt,Ja,168,,Norsk,NTNU,,"Setning nr. 119 stod det ""mistekt"" der det skulle stå mistenkt. Hun leste ""mistenkt"".",,Trøndsk
p1_g05_f2_4,1961,K,Bibliotekar,Mellomfag,0,19,,Meldal,2,Litt bredere enn i Trondheims-dialekt,Ja,180,72,Europeisk,NTNU,,"149: Andaur, innleser uttalte dette uten sammenslåing av au, men a-u. 150: innleser uttalte van for fan.",,Trøndsk
p1_g05_f2_5,1967,K,Fonetiker/ Markedskonsulent,Cand.philol.,0,,,Trondheim,2,Typisk Strinda!,Ja,170,70,Europeisk,NTNU,,,,Trøndsk
p1_g05_m1_1,1993,M,Student,Videregående,0,,,Orkdal,2,Litt forskjellig fra dialekten i Trondheim. Vet ikke noe spesifikt.,Ja,179,70,"Europeisk, Norsk",NTNU,,,,Trøndsk
p1_g05_m1_2,1995,M,Skoleelev,Grunnskole,0,,,Trondheim,0,Tronhjemmer,Ja,177,70,Europeisk,NTNU,,,,Trøndsk
p1_g05_m1_3,1989,M,Student,Videregående,0,Har bodd eit år på Lillehammer og i Australia.,Trondheim,,,"Litt bredere enn mange bytrønderar, men framleis ""bymål"".",Ja,176,70,Europeisk,NTNU,,,En del tilfeller av vindstøy på hodemik-kanalen. Kan delvis forklares med en energisk/engasjert talemåte.,Trøndsk
p1_g05_m1_4,1978,M,Helsearbeider,Bachelor,0,,,Trondheim,0,"Trønder/ trondhjemmer, kanskje mindre bredt enn vanlig.",Tja.,187,90,Europeisk,NTNU,,,,Trøndsk
p1_g05_m1_5,1990,M,Student,VGS,2,20,,Steinkjer,0,Trøndersk (Nord-Trøndelag),Ja,186,80,Norsk,NTNU,,,,Trøndsk
p1_g05_m2_1,1942,M,Førstelektor,Cand.Philol,0,,Bodd utenlands i perioder,Trondheim,2,Trondheim,Ja,175,85,Europeisk,NTNU,,"255: paranteser rundt ""statue"", ble lest.","(1) s05ee80: konsonantisk nøling på /s/ i ""statue"". (2) s053993: ""45"" lest ""fem og førti"". (3) s005fed: ""Soini"" uttalt med tre stavelser og trykk på andre stavelse.",Trøndsk
p1_g05_m2_2,1956,M,Driftsoperatør,Markedsøkonom DMA,0,14,"Hamar, Bø, Elverum, Oslo, Tyskland",Trondheim,2,Typisk trønderdialekt,Ja,182,70,Norsk,NTNU,,,,Trøndsk
p1_g05_m2_3,1951,M,Seksjonrief?,Hovedfag Cand.Polit,"0. Oslo i 10 år, Trondheim 30 år.",20,,,2,Trøndersk,Ja,181,80,Norsk,NTNU,,,,Trøndsk
p1_g05_m2_4,1954,M,Rådgiver,Cand.polit.,0,,,Trondheim,0,Trondhjemmer,Ja,180,99,Europeisk,NTNU,,401: unødvendig bindestrek i setningen?,,Trøndsk
p1_g05_m2_5,1961,M,Sykepleier,Påbegynt master,0,,,Trondheim,0,Trondhjemmer,Ja,180,69,Norsk,NTNU,,,"En del pauser mellom ord, men OK.",Trøndsk
p1_g06_f1_1,1986,K,Student,Master,8,19,,Eide,2,Dativ,Ja,173,75,Europeisk,NTNU,Vi retta på hodemiken midtveis i innlesingen,,,Nordvestlandsk
p1_g06_f1_2,1985,K,Lærer/ student,Bachelor,"0 -14 Ålesund, 14 - 17 Hadeland",,,Ålesund,2,Bymål - standardisert,"Ja, men små innslag av østlandsk ???",161,60,Norsk,NTNU,,,,Nordvestlandsk
p1_g06_f1_3,1982,K,Førstekonsulent,Mastergrad,5,19,,Molde,0,Molde - dialekt,Nei. Jeg bruker bl.a andre pronomen enn preresentative dialketbrukere fra Molde.,157,,Europeisk,NTNU,,,,Nordvestlandsk
p1_g06_f1_4,1977,K,Kommunikasjonskoordinator,Master ???,3,15,Utdannelse,Sandøy,0,Blanding av romdsdaling og sunnmøring. Ytre strøk.,"Tja, avslepen etter noen år borte.",173,84,Europeisk,NTNU,,,,Nordvestlandsk
p1_g06_f1_5,1988,K,Student,Bachelorgrad i fysikk,0,18,,Fræna,1,Snakker en del breiere enn de som kommer fra Holde.,Ja,166,77,Norsk,NTNU,,,,Nordvestlandsk
p1_g06_f2_1,1967,K,Studiekonsulent,5 årig universitet,0,19,,Molde,0,"Moldedialekt med sleng av trønder, forandrer jeg i ulike sosiale settinger.",Nei,180,,Europeisk,NTNU,,,jevn teknisk støy rundt 800 Hz på venstre kanal.,Nordvestlandsk
p1_g06_f2_2,1973,K,Førsteamanuensis,Doktorgrad,0,20,,Molde,0,"Molde bymål, men ikke ???","Ja, ganske",168,68,Europeisk,NTNU,,,,Nordvestlandsk
p1_g06_f2_3,1962,K,Førsteamensuensis,Doktorgrad,0,19,,Sande,2,Søre sunnmøredialekt,Ja,170,64,Europeisk,NTNU,,,,Nordvestlandsk
p1_g06_f2_4,1973,K,Førsteamensusensis Tysk språk,Dr.art,0,19,,Skodje,2,Bredere enn Ålesund,Ja,172,70,Europeisk,NTNU,,,,Nordvestlandsk
p1_g06_f2_5,1975,K,Konsulent,Cand.mag,0,19,,Molde,0,"Molde by, bydialekt",Ja,165,60,Norsk,NTNU,,,,Nordvestlandsk
p1_g06_m1_1,1986,M,Student,Videregående,0,20,,Sykkylven,1,Ligner Ørsta/ Volda. Ulik dialekt i Ålesunna.,Ja,186,86,Europeisk,NTNU,,,"(1) s0ce38b: noe nøling internt i ""iTunes-politikk"". (2) s000f1a: ""umyndiggjord"" uttalt med ""t"" til slutt: ""-gjort""",Nordvestlandsk
p1_g06_m1_2,1989,M,Student,Videregående,0,18,,Volda,2,Omtrent som Ålesund,Ja,180,60,Norsk,NTNU,,,,Nordvestlandsk
p1_g06_m1_3,1986,M,Musiker,Bachelor,0 Nordfjord Eid,10 - Volda,,Volda,2,Vaneleg Voldadialekt,"Ja, men bytte til rulle ""r"" når eg flytta til Volda.",188,70,Europeisk,NTNU,,"(1) 212: stod stira, innleser leste stirra ingen korreksjon. (2) 207: ord satt i parantes, innleser leste dette også uten korreksjon.",,Nordvestlandsk
p1_g06_m1_4,1990,M,Student,VGS,0,19,,Sykkylven,2,Lignandes Ørsta,Ja,183,82,Norsk,NTNU,,,"(1) s0927cd: ufullstendig t-lukke mot slutten av ""Massachusetts"". (2) s0664b3: ""fram"" uttalt med fremre ""a"".",Nordvestlandsk
p1_g06_m1_5,1986,M,Lærer,VGS (siste år mastergrad),0,20,,Molde,2,Moldedialekt,Nei,175,70,Nordeuropeisk,NTNU,,,"s022927: ""villet"" uttales uten t.",Nordvestlandsk
p1_g06_m2_1,1953,M,Musiker,Master,0,19,Studier,Molde,2,Litt avslepen Molde - dialekt,Ja,172,91,Europeisk,NTNU,,,,Nordvestlandsk
p1_g06_m2_2,1961,M,Salgssjef,Itøuskule,0,25,,Vulda,2,"Prater typisk summersdialekt. Brukar me, ??? ??, vi, oss, øss",???,181,85,Europeisk,NTNU,,,"s02a29b: uttaler ""alltid"" med ""d""; OK.",Nordvestlandsk
p1_g06_m2_3,1970,M,Førsteamensuensis,Doktorgrad,0,19,,Herøy,2,Bunden form su - sg - er/ I/ ikkje/ In/ bevart postvokalist/ d/ som i sand.,Ja,178,80,Norsk,NTNU,,,,
p1_g06_m2_4,1964,M,Forsker,Phd,0,27,"Gjøvik 86 - 90, Trondheim 90 -->",Ulstein,1,,"Ja, litt arkaisk kanksje, men holder på dialekten fra 1968, mens de som bor der har endret sin dialekt",175,67,Norsk,NTNU,,,,Nordvestlandsk
p1_g06_m2_5,1958,M,Professor,Doktorgrad,3,20,,Ålesund,2,Kraftfull,Ja,174,80,Norsk,NTNU,,,,Nordvestlandsk
p1_g07_f1_1,1985,K,Student,Bachelor,0,17,Flytta til Førde,Askvoll,2,Litt endring i trykk og stemmeleie (litt mindre bruk av j).,Ja,171,110,Europeisk,NTNU,,"Setning nr.14 var en spørresetning, men ble lest som en fortellende setning.",,Nordvestlandsk
p1_g07_f1_2,1989,K,Student,Årsstudium,0,20,,Sogndal,0,"Litt likt Førde, men noko breiare dialekt.",Nei/ tja,167,80,Europeisk,NTNU,,,,Sørvestlandsk
p1_g07_f1_3,1990,K,Student,Videregående,0,19,For å studere,Leikanger,2,"Snakkar Sogning, slik som dei fleste i bygda",Ja,164,,Norsk,NTNU,,"""m.a.o."" ble lest som ""med andre ord"".","s0b0fb3: nølende final ""r"" i ""familier"", men godkjent.",Sørvestlandsk
p1_g07_f1_4,1985,K,Student,Bachelor,Nordfjordeid,18,Flytta tilbake 1 år,Eid,2,Tettstaden eg kjem frå ligg ganske nært Møre-grensa.,Tja,159,72,Norsk,NTNU,,,,Nordvestlandsk
p1_g07_f1_5,1982,K,Student,Bachelor,0,17,,Selje,1,"Liknar Sunnmørsdialekt, men har ein del ulike ord og uttrykk, ligg nær Sunnmøre.",Ja,162,65,Europeisk,NTNU,,,,Nordvestlandsk
p1_g07_f2_1,1972,K,Lektor,Cand.philol,0,19,Studier,Eid,2,Sterk rulle - r. Borte hos meg. D i slutten av ord som sau.,Manglar ein del lydar etter 20 år i Trøndelag. Har ein del trønderske ord. Tonefallet er endra.,166,56,Europeisk,NTNU,Vi stilte litt på volumet underveis i opptaket.,,"(1) s043639: ""Heidenreich"" leses med /R/. (2) s081ae1: ""Ullrich"" leses med /R/",Nordvestlandsk
p1_g07_f2_2,1939,K,Pensjonist,Høgskole,0,45,,Jølster,1,"Dativ, e - ending (bere)","Ja, men litt utvatna.",167,66,Europeisk,NTNU,,,,Nordvestlandsk
p1_g07_f2_3,1955,K,Ergoterapeut,Høgskole,0,15,Flytta til Balestrend,,2,Ytre sogne dialekt,Ja,158,58,Europeisk,NTNU,,"Hun sier ofte u istedenfor y (""hutte"" istedenfor ""hytte"").","Hun sier ofte u istedenfor y (""hutte"" istedenfor ""hytte""), dette må gjengis i annoteringen.",Nordvestlandsk
p1_g07_f2_4,1956,K,Førstekonsulent,Førskolelærer/ Økonom,0,15,Flytta til Balestrand (Sogn),Hyllestand,2,"Er frå ytre Sogn, ikkje så ""brei"" dialekt som Indre Sogn.",Ja,170,62,Europeisk,NTNU,,,Innleseren bruker /}/ i stedet for /y/ i en del tilfeller.,Nordvestlandsk
p1_g07_f2_5,1953,K,Ergoterapeut,3.årig helseterapeut,0,19,,Sogndal,1,"Seier fjedi-for fjell, ao-for å og i-endelser på en del ord.",Ikkje heilt,172,72,Europeisk,UiT,,"Innleseren følte at det var veldig unaturlig og vanskelig å bruke ""ao""-lyden fra Sogndal når hun måtte lese alt annet bokstavnært, så hun lot være.","216/s072d56: ""Falsk start"" på setningen - den innledende nølinga skal ikke inkluderes i setninga.",Sørvestlandsk
p1_g07_m1_1,1980,M,Ingeniør,Siv.Ing/ msc,0,19,,Flora,0,Ligner litt på bergensk,Ja,194,92,Europeisk,NTNU,,,,Nordvestlandsk
p1_g07_m1_2,1991,M,Student,Videregående,0,18,,Gloppen,1,"Eg er ikkje --> ekje, eg kan ikkje --> eg kanskje osv.","Ja, men jeg skarrer",198,83,Norsk,NTNU,"Feil med lyden, stemmen høres hul ut.",,,Nordvestlandsk
p1_g07_m1_3,1977,M,Stipendiat/ Redaktør,Cand.philol,2,19,Utdanning,Sogndal,0,"Midtre/ indresognsmål (sørvestlandsk) a - infinitiv, i - mål",Ikkje heilt. Snakkar blanding (j.f. ovanfor),180,,Europeisk,NTNU,,,,Sørvestlandsk
p1_g07_m1_4,1978,M,Lærer,Master,0,18,,Førde,1,Sonnfjorddialekt,Ja,179,80,Europeisk,NTNU,,,,Nordvestlandsk
p1_g07_m1_5,1987,M,Lærar,5 - årig lærerutdanning,???,,2 - Pendling videregåande,,1,Siste generasjon uten skarre - r.,Ja.,189,78,Europeisk,NTNU,,,,Nordvestlandsk
p1_g07_m2_1,1971,M,Mekaniker,Yrkesskole,0,28,,Stryn,2,Nordvestlandsk,Ja.,179,95,Europeisk,NTNU,,,"(1) s046903: ""spørs"" uttales ""spørst"". (2) s061495: stotring på ""regjeringen"".",Nordvestlandsk
p1_g07_m2_2,1963,M,Ingeniør,Bachelor,22,22,,Gloppen,1,"Rester etter nordisk dativ, lokativ",Nei,183,100,Europeisk,NTNU,,"(1) 350. Innleseren leste ""Borges"" med norsk uttale. (2) 364: Innleseren leste det som stod i parentes også (""ANB"").",,Nordvestlandsk
p1_g07_m2_3,1956,M,Journalist,Cand.mag,0,21,,Hornindal,2,Nordfjorddialekt,Ja,175,72,Europeisk,NTNU,,,"s0be61d: ""et"" leses ""enn"" (rettes i annoteringen).",Nordvestlandsk
p1_g07_m2_4,1935,M,Prof.Em.,Dr.philos,0,20,,Jølster,2,Sunnfjord - dialekt med ein viss påverknad av Nordfjord.,Ei viss normalisering har skjedd,186,82,Europeisk,NTNU,,,,Nordvestlandsk
p1_g07_m2_5,1952,M,Førsteamanueusis,Dr. Ing,0,19,,Leikanger,0,Sognamaol,Middels,180,95,Europeisk,UiT,,,"(1) 424/s05228d: n i ""den"" uttales ikke. (2) 423/s035342: ""22."" uttales med gammel tellemåte.",Sørvestlandsk
p1_g08_f1_1,1991,K,Student,Videregående,0,19,,Radøy,0,"Dialekt mellom Bergen og, Sogn og Fjordane",Ja,174,,Europeisk,NTNU,,,,Sørvestlandsk
p1_g08_f1_2,1991,K,Student,Fagbrev,0,20,"Bodde 3,5 år i Australia, Radøy",Lindås,2 (tilnærmet),"Et relativt nytt tettsted, så alle snakker en slags egen blanding av Bergensk og Stvil.","Både ja og nei. Alle snakker en slags blanding, som ikke nødvendigvis er lik fra person til person.",165,65,Norsk,NTNU,,"49: Innleser leste navnet Hui ""Hu-i"".",,Sørvestlandsk
p1_g08_f1_3,1984,K,"Førstekonsulent, SVT - fak.adm",Mastergrad,0,17,,Fusa,2,"Vestlandsdialekt, noko midt mellom Hardanger og Bergensk, med eit snev av Haugesundsk.","Ja, men litt påverka av sambuar frå Haugesund gjennom mange år.",172,,Norsk,NTNU,,"(1) 59: Taleren ville uttale ""suksee"" ble instruert til å uttale ""suksess"". (2) 55: ""7."" uttalt "" shunde"".","s001808: ""korrosjons*"" lest ""korresjons*""",Sørvestlandsk
p1_g08_f1_4,1988,K,Student,Universitet,0,19,Studie,Meland,2,Bergensk fra stålelandet,Nei. Jeg bruker bl.a andre pronomen enn preresentative dialketbrukere fra Molde.,160,76,Norsk,NTNU,,,,Sørvestlandsk
p1_g08_f1_5,1986,K,Student,Bachelor,0,20,,Kvinnherad,0,"Stord og nærliggande områder lengre sør seier dei t.d eystein medan vi seier øy heim, har tydelige vokaler.",Temmelig. Fleire har blitt meir bokmål.,171,74,Europeisk,NTNU,,,,Sørvestlandsk
p1_g08_f2_1,1953,K,Universitetsbibliotekar,Master,0,19,,Stord,0,"To typer r- skarre-r for yngre, ,er muljot for eldre",Kanskje litt preget av at jeg har bodd langt borte i 40 år.,160,,Norsk,NTNU,,,"s02dff4: noe utydelig ""er"", men ordet er der.",Sørvestlandsk
p1_g08_f2_2,1972,K,Forsker,Dr.grad,"Bergen 0-10år, Voss 10-20år --> Bergen --> Trondheim",22 --> Trondheim,Dialektmessig fra bokmål til nynorsk,Bergen,2,Bergensk med nynorsk innslag,"Ikke ren dialekt, men vanlig flyttemix Hordaland",172,70,Norsk,NTNU,"slet med mye ""blåsing"" under opptakene.","Ikke så konsekvent med uttalen av ""også"".",,Sørvestlandsk
p1_g08_f2_3,1949,K,Professor,Dr.polit,0,25,,Bergen,2,Bergensk,"Ja, for de som vokste opp på 1950- og 60- tallet",160,50,Norsk,NTNU,,"162: Heidenreichs, vanskelig å uttale.","Leser mer tydelig enn de fleste, og med mange tilfeller av pauser mellom ordene.",Sørvestlandsk
p1_g08_f2_4,1944,K,Professor,Dr.art,0,22,Studier,Bergen,1,Bergensdialekt,Representativ for min alder,165,52,Europeisk,NTNU,,,,Sørvestlandsk
p1_g08_f2_5,1946,K,Pensjonist,Cand.philol,0,29,jobb,Bergen,2,"""pen - bergensk""",Ja,165,63,Europeisk,NTNU,,,,Sørvestlandsk
p1_g08_m1_1,1988,M,Byggingeniør,Bachelor,0,,,Bergen,2,"Mellom ""by- og fana- språk""",Ja,200,88,Europeisk,NTNU,,,"s0307d8: ""Haugenstua"" leses ""Hagenstua"". Dette anmerkes i kommentarfeltet til TG-fila.",Sørvestlandsk
p1_g08_m1_2,1983,M,Forsker,Mastergrad/ Ph.D,0,25,,Bergen,0,"Ikke pen - bergensk (Jeg, meg, deg) ikkje, eg",Ja,183,73,Norsk,NTNU,,,,Sørvestlandsk
p1_g08_m1_3,1990,M,Student,Bachelorgrad,0,19,,Sandnes,1,"Sandnes - ai vs Stavanger - ei (vei, hei)",Ja,183,65,Europeisk/ Amerikansk,NTNU,,,,Sørvestlandsk
p1_g08_m1_4,1990,M,Stundent,Videregående,0,18,,Bergen,1,Verken fin eller bred dialekt,Ja,191,75,Europeisk,NTNU,,,,Sørvestlandsk
p1_g08_m1_5,1987,M,Sivilingeniør,Master,2,18,,Time,2,"Meir nynorsk enn stavanger ""adle"" vs. alle, ""kodn"" vs. korn ""nabn"" vs. navn",Ja (men meir dialektkonservativ enn mange andre på min alder),180,70,Norsk,NTNU,"Opptaket ble gjort med åpen dør til studio, pga feil med hodetelefonene",,,Sørvestlandsk
p1_g08_m2_1,1958,M,Forsker,Dr.img/ Phd,"0,5",9,Flyttet 5 km.,Vaksdal,1,Rask endring. Nord - Hordalandsdialekt,Ja,182,88,Europeisk,NTNU,,,,Sørvestlandsk
p1_g08_m2_2,1966,M,Veileder,Master,0,19,,Haugesund,2,bruk av a - endinger + å (kona --> kånå) ikkje,"Ja, men noe utvanna",188,76,Europeisk,NTNU,,,,Sørvestlandsk
p1_g08_m2_3,1948,M,Professor,Dr.philos.,0,26,,Stavanger,2,???,Ja,198,92,Norsk,NTNU,"Opptaket ble gjort med åpen dør til studio, pga feil med hodetelefonene",,s02718e: Initiell nøling skal ikke inngå i første lydsegment,Sørvestlandsk
p1_g08_m2_4,1972,M,Universitetslektor,Hovedfag,0,23,,Hjelmeland,1,Sør - vestnorsk,Ja,172,65,Norsk,NTNU,,,,Sørvestlandsk
p1_g08_m2_5,1966,M,Førsteamensuensis,PHD,3,20,,Bergen,1,Skarre - r,"Egentlig ikke, jeg skarrer ikke.",182,90,Norsk,NTNU,,,Innleseren veksler mellom fremre /4/ og bakre /R/ - noen ganger har han begge variantene i samme ord!,Sørvestlandsk
p1_g09_f1_1,1985,K,Student,Bachelor,0,22,Bodde i Tyskland fra 1 - 4 år.,Bergen,2,Bergensk,"Stort sett, men bruker tidvis hunkjønnsbøying i samtale med ikke - bergensere.",178,60,Europeisk,NTNU,,,,Sørvestlandsk
p1_g09_f1_2,1987,K,Student,Bachelor,0,2007,,Time,0,Blanding av Bryne og Sandnes,"Tja, jeg snakker litt ""penere"" enn mange nandre,eller heller mer mot Sandnes enn Bryne.",170,89,Norsk,NTNU,,,,Sørvestlandsk
p1_g09_f1_3,1978,K,Rådgiver,Phd,0,18,,Karmøy,2,"Skarre-r, harde konsonanter","Ja, men litt preget av å ha bodd andre steder som voksen.",172,60,Europeisk,NTNU,,,,Sørvestlandsk
p1_g09_f1_4,1989,K,Student,Bachelor,1,19,,Sandnes,0,"e-endelser i Sandnes i stedenfor år-endelser i Stavanger. eks: jentår - jente, dokkar - dokke.",Litt avslepen på grunn av foreldre og tid vekke frå byen,180,,Eur.,NTNU,En del omtak og lydinnstilling pga vindstøy.,,,Sørvestlandsk
p1_g09_f1_5,1991,K,Student,VGS,0,18,,Bergen,0,Bergensk,Ja,169,,Europeisk,NTNU,,,,Sørvestlandsk
p1_g09_f2_1,1944,K,Arkiterkt,Master,0,20,,Fana,2,Bergensk,Noenlunde - har bodd i Trondheim side 1964,160,66,Norsk,NTNU,,,,Sørvestlandsk
p1_g09_f2_2,1972,K,Førsteamanuensis,Dr.grad,0,20,Studering i Trondheim,Time,0,"Jærsk dialekt, med skarre-r, bredere enn f.eks stavangerdialket, MEN veldig påvirket va at jeg har obdd ""hjemmefra"" i 20 år.",Nei,172,65,Euro,NTNU,,,magelyder,Sørvestlandsk
p1_g09_f2_3,1969,K,Universitetslektor,Cand.philol,0,18,"Ett år i England, før flytting til Trondheim.",Time,2,"Rual dialekt, kraftige diftonger, bløte konsonanter","Tja ~ har bodd i TrH i 23år. Har alltid snakka en litt ""normalisert"" Bryne - dialekt.",162,60,Europeisk,NTNU,,,,Sørvestlandsk
p1_g09_f2_4,1965,K,Rådgiver,Universitetet,0,24,Flyttet fra Jørpeland når 24 år pga utdanning.,Stavanger,1,Normalisert diaklekt. Snakker blanding mellom Stavanger og Jørpeland. Hjem-heim. Skule-skole. Bokmålstrekk pga mor fra østlandet.,"Nei, ikke helt",163,90,Norsk,UiA,,"Hun leste sakte, og nølte mye","s04fba6: ""Guthrie"" uttalt rimelig bokstavnært.",Sørvestlandsk
p1_g09_f2_5,1970,K,Lærer,Cand.polit,"1,5",21,,Time,0,Typisk jærdialekt men ikke veldig brå,Ja,170,60,Norsk,NTNU,,,,Sørvestlandsk
p1_g09_m1_1,1987,M,Student,Bachelor,,,,,2,Bergensk,Ja,183,87,Europeisk,NTNU,,,,Sørvestlandsk
p1_g09_m1_2,1991,M,Student,VGS,0,05.02.12,3-årig opphold i København,Sandnes,0,"Bløtere og mindre ""e""",Ja,181,67,Norsk,NTNU,,,Ujevnt inngangsnivå på setningene. En del filer har støy fra innleser i starten (før det leses).,Sørvestlandsk
p1_g09_m1_3,1985,M,Universitetsbibliotekar,"Mastergrad, statsvitenskap",0,19,,Randaberg,1,"Stavangerdialekt, men litt bredere","Ja, men har bodd og arbeidet i Trondheim siden 19-års alderen. Har også tilbrakt 1 år i Hong Kong.",189,118,Europeisk,NTNU,,,"s0106d9: ""overtatt"" lest ""inntatt""",Sørvestlandsk
p1_g09_m1_4,1988,M,Student,Videregående,"0-2 Stavanger, 2 --> 19 Bergen, 19--> Trondheim",19,Studier,Bergen,1,"Bergensdialekt, skarre r, ikke hukjønn",Ja,189,90,Norsk (Europeisk),NTNU,,,,Sørvestlandsk
p1_g09_m1_5,1990,M,Student,Videregående,0,20,,Stavanger,2,Stavngerdialekt,Ja,193,75,Europeisk,NTNU,,,,Sørvestlandsk
p1_g09_m2_1,1946,M,Uføretrygd,Dr.art,0,,,Bergen,2,(eg-jeg) endres litt utfra sosial kontekst,Ja,186,88,Europeisk,NTNU,,bruker gammel tellemåte,,Sørvestlandsk
p1_g09_m2_2,1947,M,ø,ø,ø,ø,ø,Fjell,ø,ø,ø,ø,ø,ø,NTNU,,,,Sørvestlandsk
p1_g09_m2_3,1951,M,Sivilingeniør,ph.D,0,1970 (19år),,Karmøy,2,Tilnærmet Stavanger,Ja,176,80,Europeisk,NTNU,,,"(1) s01badb: ""lokk"" leses med kort vokal. (2) s0db496: Trondheim leses ""hjem"". (3) s046280: ""metal"" endres til ""metall"" i tier 3.",Sørvestlandsk
p1_g09_m2_4,1943,M,Professor,Dr.philols.,2,20,,Haugesund,2,Overgangsdialekt mellom Nord - Rogaland/ Sunnhordland,Tja,185,88,Europeisk,NTNU,,,"s029162: vokalisk nøling + glottalt lukke mellom ordene ""...eller et...""",Sørvestlandsk
p1_g09_m2_5,1968,M,"Førsteamensuensis, NTNU",Dr.grad,0 - 18 Karmøy (Åkrehamn),18,,Karmøy,2,(Sør) vestlandsk,"Ja, men litt avslepen",175,63,Norsk,NTNU,,,,Sørvestlandsk
p1_g10_f1_1,1988,K,Student,Bachelor,0,19,Flyttet til Trondheim,Arendal,1,Sammenlignet med Kristiandsand har Arendalsdialekten østnorsk tonefall og harde konsonanter.,,170,50,Norsk,NTNU,,,,Sørlandsk
p1_g10_f1_2,1989,K,Student,Årstudium Drama,0,18,,Flekkefjord,2,"Tonefallet i slutten av setningen går nedover. Åkke:oss, dåkke:dere.",Ja,167,75,Europeisk,UiA,,,,Sørvestlandsk
p1_g10_f1_3,1991,K,Student,Videregående,0,20,,Vennesla,0,Bredere i dialekta enn mange andre sørlandsdialekter,I stor grad,153,46,Asiatisk,NTNU,,,,Sørlandsk
p1_g10_f1_4,1976,K,Sykepleier,Bachelor,0,18,Flyttet tilbake når jeg var 35 år,Kristiansand,0,Har ikke så mange bløte konsonanter,Ja,170,80,Europeisk,UiA,,,,Sørlandsk
p1_g10_f1_5,1973,K,Rådgiver,Hovedfag,0,19,,Søgne,2,Mer bløte konsonanter enn ellers på sørlandet,"Nei, kommer fra Søgne, men har Kristiandsands dialekt",168,62,Norsk,UiA,, ,,Sørlandsk
p1_g10_f2_1,1972,K,Universitetslsbibliotekar,Hovedfag,0,25,,Søgne,2,"Mer diftogner. Sier ""tri"" for ""tre"". Endleser subs. ""bil-bile""",Litt gammeldags,173,75,Europeisk,UiA,,,,Sørlandsk
p1_g10_f2_2,1967,K,Rådgiver,Master,0,20,Kom tilbake alder 43,Kristiansand,2,Kristiansandsk,Litt avslepet etter 20år i utlandet.,174,76,Europeisk/Norsk,UiA,,,,Sørlandsk
p1_g10_f2_3,1957,K,Senior Rådgiver,Master,0,15,Skole-studier,Sirdal,1,Blanding mellom sørlandsk og vågalandsk,Ja,173,,Norsk,UiA,,,"overtydelig: ""hjartet"" med uttalt final. ""55"" uttalt med gammel tellemåte.",Sørvestlandsk
p1_g10_f2_4,1960,K,Avdelingsdirektør,Cand.Mag +,0,,,,2,Snakker bredt,"Nei, ikke i forhold til yngre brukere",168,63,Europeisk,UiA,,,,
p1_g10_f2_5,1960,K,Universitetslektor,Cand Polit. MIT,0,16,,Arendal,1,sier ikke hjem til du. bruk av mi (som i oss),Ja,161,57,Europeisk,UiA,,,,Sørlandsk
p1_g10_m1_1,1989,M,Siv.ingeniør - student,Videregående,0,19,,Arendal,2,"Bløte konsonanter Eks. Grød-Arendal Typisk for Bråstad: ein øre --> øre, ein øye --> øya. Litt innenlands i Arendal, men ikke så veldig (finnes breiere)--> Graud. Diftongning veldig vanlig i Arendal. Sier ""foru"" istedenfor ""furu"". Plog --> Plau.",Ja,178,78,Europeisk,NTNU,,,"Innleser kommenterte før opptak at han var født med hareskår og er operert. Under opptak oppdaget vi en del lyder vi ikke kjente igjen og gjorde nye innstillinger på mikrofonene, men ettersom lydene ikke forsvant antok vi at dette var en del av stemmen hans. Det viste seg å være riktig siden vi la merke til dette når han snakket utenfor studio etter opptakene.",Sørlandsk
p1_g10_m1_2,1992,M,Student,Videregående,0,19,Flyttet til Trondheim,Farsund,2,ø,Ja,193,80,Europeisk,NTNU,,26: instruert innleser til å uttale Roger Waters med engelsk uttale. Innleser virket å være usikker og nølende under hele opptaket.,,Sørvestlandsk
p1_g10_m1_3,1976,M,Student,Bachelor Tegnespråktolk,0,16,,Vennesla,0,Stor forskjell mellom f.eks Vennesla og Kristiandsand dialekt.,"Ja, bruker venndølsk en del.",181,85,Norsk,NTNU,,,,Sørlandsk
p1_g10_m1_4,1985,M,Førsteamanuensis,Phd,0,18,,Lyngdal,1,"H. av sterke verb på e: ""kjeme""",Ja,172,60,Norsk,NTNU,,,et par tilfeller av epenteser som krever annotering av <vokal> og <nasal>,Sørvestlandsk
p1_g10_m1_5,1989,M,Student,Universitet,0,"22 (Trondheim) (1,5 år Bergen)",,,1,"Skarre-r, ofte bløte konsonanter",Ja,185,83,Norsk,NTNU,,,"s01ff03: leser ""klondyke"" på norsk; OK",Sørvestlandsk
p1_g10_m2_1,1951,M,???,Universitet,0,18,,,2,Sørlandsdialekt,Ja - blir gjenkjent ??? ???dialekt,170,75,Kaukasirv?,NTNU,"Fikk ikke lyd inn i hodetelefonene, gjorde opptak ved at en opptaksleder var inne hos innleseren.",,"(1) s04ff33: ""kaffe"" uttales ""kaffi"". (2) s02f756: ""flyttet"" uttales ""flytta"". (3) s01136b: ""campere"" uttales med ""a"", ønsker ""æ"".",Sørlandsk
p1_g10_m2_2,1933,M,Pensjonist,Doktorgrad,0,19,,Åmli,0,"Skarrende r-er, ikke bløte konsonanter",Nei,181,90,Norsk,NTNU,,,s02718e: setningen mangler spørsmålsintonasjon.,Sørlandsk
p1_g10_m2_3,1973,M,Førsteamanuensis,Ph.d,0,17,,Sirdal,0,Prater en slags indre sørvestlandshybrid. Avslepen førstepers. pronomen.,Nei,179,77,Europeisk,NTNU,,,,Sørvestlandsk
p1_g10_m2_4,1952,M,Professor,PhD,0,18,,Hisøy,1,,Ja,174,74,Norsk,NTNU,,,,Sørlandsk
p1_g10_m2_5,1960,M,Informasjonsassistent,Master,0,0,,Kristiansand,1,Typisk for mor(?) generasjoner,Ja,184,90,Europeisk/Norsk,UiA,,,,Sørlandsk
p1_g11_f1_1,1985,K,Frilans tolk,Bachelor,0,23,,Ringsaker,2,Holder på den gammeldagse dialekten.,Ja,175,80,Norsk,NTNU,,,,Østlandsk
p1_g11_f1_2,1986,K,Student/ Servitør,Bachelor (Master pågående),3,20,Familie bor fremdeles der så er innom ofte.,Halden,0,"Har ikke den breieste dialekten, men kan snakke mer ""haldensk"" når jeg snakker med andre fra østfold.",Nja,171,65,Europeisk (Norsk),NTNU,,,"s061314: ""Lyon-"" uttalt /""lAi@n/",Østlandsk
p1_g11_f1_3,1983,K,Stundent,,0,20,Flyttet til Trondheim -->,Tønsberg,2,"Østlandsdialekt, litt bredere enn Oslo",Ja,172,89,Norsk,NTNU,,,,Østlandsk
p1_g11_f1_4,1992,K,Student,Videregående,Sarpsborg,18,,Sarpsborg,1,Moderat østfold-dialekt,"Ja, moderat dett",164,,Norsk,NTNU,,"83: det står ""straffskyld"" i manus, og det ble lest slik.","(1) s06c860: uttaler s i ""pasientjournal"" som /S/. Godkjennes som rimelig assimilasjon. (2) s0b2605: noe uklart artikulasjon midtveis, men godkjennes.",Østlandsk
p1_g11_f1_5,1987,K,Student,Bachelor,0,19,,Østre toten,2,"Vanlig totning-dialekt, noe utvannet","Ja, men litt utvannet",162,,Nordisk,NTNU,,,"(1) s022ff8: ""løa"" med tonelag 2, ønsker t2. Litt klossete uttale av ""offerhola"".",Østlandsk
p1_g11_f2_1,1972,K,Førsteamanuensis,PhD,5,19,ø,Lillehammer,0,Lillehammer-dialekt (moderat),Representativ for de med bymålsdialekt,168,ø,Nordisk,NTNU,,,,Østlandsk
p1_g11_f2_2,1960,K,Ingeniør,Ingeniør,jan.20,18,utdanning,Larvik,0,Østlandsdialekt med ær - endinger,nei,175,67,Europeisk,NTNU,,"108: OK betyr orienteringsklubb, men vi bad henne si OK","s0323ae: ""Fauner"" uttales /f""""A}n@4/ (altså tonelag 2).",Østlandsk
p1_g11_f2_3,1970,K,Faglærer,PPU,0,17,Til Frankrike,,1,Litt brei med æ som f.eks bilær.,"Nei, ikke helt, bortsett fra æ.",165,57,Europeisk,NTNU,,Hun var nervøs. Lyden gikk fra lav til høy til lav ofte.,,
p1_g11_f2_4,1962,K,aud.ingeniør,Ingeniør,0,20,Studier,Drangedal,2,"Stedet ligger mellom Kragen og Nissedal, dvs en blanding av bokmål (østlandsk) og nynorsk",Veldig utvanna etter 30 år i Trondheim,174,80,Europeisk,NTNU,,,Har noen overtydelige uttaler i form av at ordfinal t uttales.,Sørlandsk
p1_g11_f2_5,1956,K,Sivilarkitekt,master/ siv.ark,0,20,,Skien,2,Grønlandsdialekt andre vokaler andre e'er - litt likt østfold og vestfold,"nei og ja - litt moderat og utvannet noe trøndersk i ordvalg, men ikke i ??? så mye.",168,75,Europeisk,NTNU,,,"en del pauser mellom ord, men OK.",Østlandsk
p1_g11_m1_1,1987,M,Arbeidsledig,Master,0,18,,Hamar,1,"Tjukk L, gult uttales gurt, sten be, røk",Ja,181,84,Europeisk,NTNU,Slet med vindstøy i mikrofonene.,,"s0867a7: ""Sjevtsjenko"" uttales /t__Set__S""eNku/",Østlandsk
p1_g11_m1_2,1984,M,Student,Videregående,0,17,,Lillehammer,1,Lillehammerdialekt,"Nei, preget av tiden i Oslo.",182,94,Europeisk,NTNU,,,,Østlandsk
p1_g11_m1_3,1981,M,Lærer/ student,Bachelor,0,20,Flyttet til Trondheim for å studere,Sel,2,??? Representativt for Otta (Nord - Gubrandsdalen). Ellers vanskeligå nyansere.,Ja,180,88,Europeisk,NTNU,,"(1) 207: innleseren ble instruert til å si ""lommetørklær"". (2) 213: instruert til å uttale uruguayanerne. (3) 216: Instruert til å uttale ""voodooøkonomi"" som ""vuuduuøkonomi"".","s02301a: uttaler ""hele"" /h""""{il@/. Dette må vi se på som rimelig dialekttilpassing.",Østlandsk
p1_g11_m1_4,1990,M,Student,Bachelor,0,19,,Skien,1,"Noe bredere enn Akershus/ Oslo, men lik","Både og. Har ikke de bredeste ordene, uttrykkene",186,80,Europeisk,NTNU,,,,Østlandsk
p1_g11_m1_5,1991,M,Student,Videregående,0,19,,Hamar,2,Hedmarksdialekt,Ja,183,75,Norsk,NTNU,,"Innleser var høyrøstet og ""overartikulert"" i starten. snakket lavere etter hvert som førte til ny innstilling av lyd under opptak.",,Østlandsk
p1_g11_m2_1,1963,M,Førsteamanuensis,Dr.ing.,0,19,,Grue,2,Solung,JA,178,87,Europeisk,NTNU,,,"s0422ad: ""Neuberggata"" uttalt /n""}:b{4g%A:tA/",Østlandsk
p1_g11_m2_2,1952,M,Professor i medisin,Dr.med,Sandefjord: 1 Oslo: 22,,,Sandefjord,0,Østlandsk. Bokmål,Ja,173,73,Norsk,NTNU,,,"(1) s041014: ""2010"" uttalt ""tjue ti"". (2) s049651: ""7,82"" uttalt ""syv åttito"", altså uten å uttale komma.",Østlandsk
p1_g11_m2_3,1958,M,Stulert,Kokk & Stulertskole,2,21,,Tønsberg,2,"Bredere dialekt enn Oslo, lokale ord",Nei,187,105,Norsk,NTNU,,,,Østlandsk
p1_g11_m2_4,1934,M,Pensjonist,Universitets utdanning,0,18,,Larvik,2,Vestfolddialekt,Gammeldags.,175,77,Europeisk,NTNU,,,,Østlandsk
p1_g11_m2_5,1943,M,Professor,Mag.art,3,20,,Østre Toten,1,Opplandsmål,Tja,189,78,Europeisk,NTNU,,,,Østlandsk
p1_g12_f1_1,1982,K,HR - konsulent,Master i medievitenskap,1,19,,Asker,1,"Ganske likt ""Oslo-dialekt""",Ja,179,,Europeisk,NTNU,,,Forkjølet?,Østlandsk
p1_g12_f1_2,1982,K,"Stipendiat, NTNU",Master (holder på med doktorgrad),0,22,,Bærum,1,"Ca. som Oslodialekt, men kanskje flere ""en"" endelse.",Ja,164,,Norsk,NTNU,,"Loeb uttalt ""laub""",,Østlandsk
p1_g12_f1_3,1987,K,Student,Bachelor,0,19,Bodde et år i Venezuela fra 17 - 18,Ås,0,"Litt som Oslodialekt, men litt bredere",Ja,172,58,Europeisk,NTNU,,,,Østlandsk
p1_g12_f1_4,1988,K,Student,Bachelor,0,19,,Bærum,2,"Typisk Bærumsdialekt, bruker skj - lyd istedet for kj - lyd f.eks kino, kjole.",Ja,163,,Europeisk,NTNU,,,,Østlandsk
p1_g12_f1_5,1987,K,Student,Bachelor,6,19,For å studere,Oslo,0,Oslodialekt med skarre r.,"Ja, men skiller meg ut pga min skarre r.",161,,Sør-asiatisk,NTNU, ,,,Østlandsk
p1_g12_f2_1,1951,K,Førsteamanuensis,Cand. Philol,0,1980,,Oslo,2,Oslo vest,Ja,172,60,Europeisk,NTNU,,,"(1) s013448: ""høgskulen"" lest ""*skolen"". (2) s06ac1e: ""framgangen"" leses ""fremgangen"".",Østlandsk
p1_g12_f2_2,1971,K,Journalist,Universitet cand.mag + høyskole,0,16,til Oslovest tilbake ved 23 år,Bærum,2,"Bokmål, noe flere - en - endelse, færre diftonger enn ellers.",Ja,162,54,Norsk,NTNU,,,,Østlandsk
p1_g12_f2_3,1952,K,???,Hovedfag,11,Bor der forsatt,"Tidligere bodd på ???, Skien, Moen i ???",Bærum,2,Bærumsdialekt,Ja,168,59,Europeisk,NTNU,,,"(1) s013448: ""dobbel start"". (2) s0a120e: ""Illinois"" leses ""Illonois"".",Østlandsk
p1_g12_f2_4,1970,K,Professor,Ph.D,5,19,,Eidsvoll,0,Bred,"Nei, snakker mer uspesifisert bokmål, mne litt bredere",172,62,Norsk,NTNU,,,,Østlandsk
p1_g12_f2_5,1949,K,seniorrådgiver,Cand.mag,0,12,Fra Oslo vest til Hamar,Oslo,0,Standard bokmål,Nei,171,73,Norsk,NTNU,"Slet veldig med vindstøy, spesielt 203: /fø/ i <førerkort>",,,Østlandsk
p1_g12_m1_1,1988,M,Student,"3år, universitet",0,13,,Skedsmo,2,Uformell bokmål,"Nja, jeg er nok litt mer preget av foreldres (vestlands) bakgrunn. (sier f.eks døren heller enn døra).",170,65,Europeisk,NTNU,,,,Østlandsk
p1_g12_m1_2,ø,M,ø,ø,ø,ø,ø,Ås,ø,ø,ø,ø,ø,ø,NTNU,,,,Østlandsk
p1_g12_m1_3,1989,M,Student,Videregående,0,18,,Sørum,0,Småbred Oslodialekt,Ja (med unntak av enkeltord),184,85,Norsk,NTNU,,,,Østlandsk
p1_g12_m1_4,1987,M,Student,Bachelor,0,20,,Lørenskog,2,Litt mer breit enn Oslo,Ja,181,75,Norsk,NTNU,,,,Østlandsk
p1_g12_m1_5,1989,M,Student,Årsstudium psykologi,0,18,,Oslo,2,Litt østkantpreg over språket,Ja,178,76,Europeisk,NTNU,,,,Østlandsk
p1_g12_m2_1,1955,M,Avdelingsingeniør,Cand Scient,1,17,,Oslo,1,Groruddalsdialekt (Oslo øst),Nei,172,78,Europeisk,NTNU,,,"s0ce38b: ""De antatte gjerningsmennene"" leses ""Den antatte gjerningsmannen""",Østlandsk
p1_g12_m2_2,1960,M,Dosent,Dr. Scient,0,19,,,2,Normalisert Arernusdialekt,Ja,182,73,Europeisk,NTNU,,,,Østlandsk
p1_g12_m2_3,1955,M,Professor,Dr.Scient,,38,,Ås,2,,Ja,173,80,Norsk,NTNU,,,,Østlandsk
p1_g12_m2_4,1961,M,Professor,Dr.Techn,0,20,,,0,Bokmål - som det er skrevet - TV-norsk,Ja,195,110,Norsk,NTNU,,,,Østlandsk
p1_g12_m2_5,1965,M,Forsker,Dr.,0-20 Oslo,20- Trondheim,,Trondheim,0,Oslo vest,Blitt avslepen etter over 20 år i Trondheim,189,87,Eur.,NTNU,,,"s02c132: ""framtiden"" endres til ""fremtiden"".",Trøndsk
